rijec,klasa
posvijetli,0
spektakularniju,0
monogamist,1
prijavu,0
fotografiravši,0
sell,1
prodajno,0
konobarit,0
kaminom,0
sock,1
tijekovima,0
rashlađenu,0
comic,1
legislature,1
print,1
cruise,1
surface,1
grahu,0
dopremljenih,0
spooky,1
swing,1
mučenike,0
ranču,0
brisanje,0
beside,1
televizijskog,0
simulirana,0
protratila,0
razulareno,0
bitnijem,0
nošen,0
becoming,1
prijaznim,0
wit,1
tomislavgradskog,0
izgovorenu,0
lobby,1
youtuberi,1
edition,1
slutila,0
dispute,1
ruralnom,0
wars,1
pejsmejkera,0
mnogobrojnog,0
nenametljiv,0
playstation,1
zatrpamo,0
ekstrakcije,0
sea,1
opsluživala,0
wannabe,1
kanalizacijom,0
postupkom,0
pašticada,0
jedrenjacima,0
responsive,1
velikosrpstvo,0
izreklamira,0
granatira,0
klape,0
buffer,1
ballistic,1
brain,1
minimal,1
skrbe,0
expressly,1
enter,1
sentence,1
scientific,1
sideline,1
shuffle,1
jubilejski,0
arhitekturne,0
clubbing,1
hihotati,0
squat,1
samoprijegornim,0
liberation,1
extended,1
imbecilom,0
hvatske,0
mamurni,0
navrnuti,0
nightclub,1
superman,1
neizvodivo,0
skalini,0
great,1
jumbo,1
aeronautička,0
spomenu,0
beating,1
community,1
bjelovarsko-križevački,0
friend,1
wild-card,1
twerkerica,1
sirovinskog,0
paysafe,1
provalnica,0
nevjernog,0
mahunarkama,0
gladly,1
nesrpskoga,0
fakte,0
mutantske,0
pregnant,1
camera,1
elitne,0
mehaniziranom,0
serve,1
piromanijom,0
gather,1
dosad,0
oštećenicu,0
obredima,0
filibuster,1
teritorijem,0
sjenama,0
farbu,0
odnosnu,0
foto-aparat,0
pointed,1
masked,1
memorira,0
honeymoon,1
trening-kampu,0
wont,1
bremenite,0
login,1
overnight,1
definitor,1
useful,1
preset,1
mračiti,0
today,1
curry,1
continued,1
kreirate,0
predrasuda,0
after-party,1
momaka,0
figuricom,0
proteza,0
already,1
always,1
rebate,1
mostly,1
izbjeglicom,0
bunimo,0
our,1
cruelty,1
algi,0
sludge,1
keltskoj,0
priključimo,0
konstituiranja,0
brush,1
ethical,1
kuharska,0
smjenski,0
procession,1
significantly,1
obrezuje,0
izvadaka,0
lump,1
posjetitelje,0
icon,1
burrito,1
jednodomnog,0
recession,1
sing,1
hike,1
warrior,1
notebook,1
posramljeno,0
sokola,0
explosions,1
tropical,1
copywriteri,1
iscjeljivao,0
vertical,1
secure,1
second,1
framework,1
dating,1
health,1
mandolinist,1
tenkisti,0
zjenice,0
body,1
coffee,1
sigetskih,0
pakistanska,0
imperator,1
beyond,1
primjerka,0
nosin,0
curl,1
bubble,1
zrnata,0
peak,1
outgoing,1
prevezu,0
ground,1
vrtica,0
literacy,1
piletina,0
relatively,1
stiletto,1
breakbeat,1
solution,1
degeneraciji,0
tweet,1
completed,1
circulation,1
chick,1
somebody,1
simbolu,0
paying,1
choke,1
faksom,0
zauzetošću,0
insert,1
pokorila,0
keyless,1
vojvodstvo,0
poštivano,0
suočavajući,0
prominent,1
četvronih,0
rouge,1
plug-in,1
vision,1
vriskati,0
cosplayu,1
launch,1
krasno,0
streptokokna,0
prestigious,1
petite,1
piece,1
najosjetljivijima,0
playmakera,1
foxtrot,1
fotosession,1
napučuju,0
disclaimer,1
metropola,0
dolina,0
official,1
kreativku,0
realityji,1
bodyguard,1
carmaker,1
ranch,1
heroizam,0
ride,1
uzdati,0
lady,1
historic,1
dining,1
deplasiran,0
fat,1
kamenine,0
prsno,0
soccer,1
profići,0
al-tanija,0
faxu,1
predsezonu,0
tasting,1
paddling,1
comeback,1
iniciran,0
ublažavanjem,0
učiteljskog,0
allies,1
proširenoj,0
cool,1
najsmrtonosnijima,0
wonderful,1
kliconoštvo,0
parataekwondou,1
unseen,1
wartime,1
doskora,0
input,1
osjetnih,0
posredujemo,0
tales,1
pen,1
najbanalnijih,0
zaglupljivanja,0
proračunata,0
family,1
crawl,1
zvanična,0
farming,1
redistribuiranja,0
volley,1
okruglastog,0
overdose,1
sensual,1
found,1
rewind,1
krivotvoritelji,0
tired,1
pošalju,0
windows,1
tracker,1
kromatske,0
older,1
škropilo,0
kompromitacije,0
chips,1
twin,1
lifestyle,1
comment,1
kopajući,0
cjevčicama,0
stanara,0
avioindustrija,0
supernegativac,0
impossible,1
mores,1
ishodio,0
said,1
popular,1
envy,1
keep,1
omogućeno,0
odvajanje,0
nedemokratskih,0
konjokradica,0
prvoligašica,0
experiment,1
encounter,1
gain,1
svirka,0
vehicle,1
collision,1
zakržljao,0
bezmalo,0
meter,1
funeral,1
cross-country,1
novinar-urednik,0
displaying,1
birth,1
veleučilištima,0
sortimenti,0
antropološke,0
reservations,1
all-nighter,1
oporavljenici,0
konzultirani,0
brutality,1
zdravlju,0
timeline,1
isprepleće,0
toplomjeri,0
provjerljivim,0
utišajte,0
bloom,1
britvicama,0
too,1
speedwaya,1
playbacka,1
hidrografskog,0
konjari,0
lifts,1
premium,1
utrljava,0
federa,0
cash-flow,1
botoxu,1
yachting,1
challenger,1
peterci,0
white,1
cocrystallization,1
fascinating,1
situaciji,0
flat,1
council,1
tkaonica,0
revnosti,0
compound,1
himself,1
glavaš,0
halloween,1
dohocima,0
zoo,1
zbirni,0
tviteraš,0
dogu,0
ruž,0
svladalo,0
propisivali,0
detoksom,0
zgotovljenih,0
brendiran,0
izvještena,0
piljene,0
opustošenim,0
pripremni,0
porn,1
kill,1
ferpleja,0
zagrmjela,0
twin-scroll,1
trpanje,0
toll,1
nizina,0
čečenski,0
incentive,1
message,1
twitera,1
booze,1
guilty,1
odvodio,0
county,1
kremira,0
zemljii,0
lightshow,1
hrčaka,0
accident,1
poklončićem,0
uletio,0
ranije,0
pelješe,0
cherry,1
uspite,0
bungee,1
contact,1
grappler,1
writer,1
practical,1
gnjevna,0
prihvaćen,0
lonely,1
vet,1
is,1
najčišću,0
najinteligentnijih,0
kompaktnim,0
retook,1
kobasicama,0
pridigla,0
popustit,0
smotaju,0
pokrpale,0
grand,1
voodoo,1
maximum,1
zamagljivanje,0
kukičati,0
everybody,1
grozota,0
dočaravaju,0
nabijao,0
streets,1
elementarna,0
press,1
guard,1
sticker,1
odstranjuje,0
axe,1
točniji,0
razbuktati,0
istraživala,0
patient,1
centurion,1
samosvojnosti,0
walks,1
nakladničke,0
worry,1
enforcement,1
botaničkim,0
reaper,1
iscrpite,0
nastavljajući,0
lunaparkove,0
tapping,1
strasna,0
melju,0
zafrkaje,0
optereti,0
desetosatnog,0
deck,1
izbu,0
izumiru,0
općinskog,0
scrap,1
proljetne,0
tenori,0
streetworkout,1
brought,1
propitali,0
desertne,0
uhranjenosti,0
spider,1
powerbank,1
tuđmanovci,0
pianist,1
grožđicama,0
skiing,1
default,1
vratovi,0
storyline,1
perutala,0
work,1
shook,1
intriga,0
playback,1
rekapitulira,0
ćudljivoj,0
gracias,0
clearly,1
porno-zvijezda,0
nesvršeni,0
mood,1
načim,0
speedway,1
head,1
beachwear,1
pravaško,0
frigati,0
coil,1
load,1
whole,1
survive,1
hi-tech,1
teorijom,0
nature,1
slikaje,0
kraljevinama,0
invazivnosti,0
play-maker,1
version,1
trbušinom,0
predanog,0
grip,1
dišnog,0
pucama,0
finalizirala,0
wealthy,1
right,1
ridera,1
sumnjivaca,0
vrulje,0
murterskih,0
dumping,1
obnavljane,0
kontrolom,0
bundle,1
bodybuilderica,1
spokesman,1
izvaljeni,0
dirigiran,0
windsurfer,1
pitone,0
mehaničarima,0
angažiravši,0
slash,1
decades,1
autentikaciju,0
dragovoljnost,0
poistovjećivao,0
nošenje,0
falling,1
organization,1
zanesenjaka,0
medusobno,0
sortiment,1
riskiralo,0
ukupna,0
doubt,1
vatromet,0
tweetu,1
bag,1
pobijedih,0
ispiranje,0
ispuštajući,0
based,1
baroque-pop,1
dubrovačkih,0
usredotočenu,0
pride,1
bulling,1
klimnuo,0
crude,1
kormilo,0
mustard,1
podmlatka,0
addressing,1
dobrovoljac,0
nacionale,0
affinity,1
flank,1
boxovima,1
bokobran,0
eksplozivima,0
toddy,1
normal,1
buffalo,1
ugošćenih,0
vladin,0
announce,1
političnosti,0
tub,1
pink,1
dvostruk,0
tributes,1
samotnjaku,0
zvukova,0
sličilo,0
terana,0
upon,1
štrecnulo,0
kozalskom,0
burning,1
pivica,0
cell,1
cijel,0
grunge,1
udvostručuju,0
podebljalo,0
neforsirana,0
čvorugu,0
quit,1
lead,1
cheat,1
mopedisti,0
praznovjerjem,0
oboist,1
war,1
victory,1
redizajniran,0
socijalniji,0
parliament,1
najmisterioznije,0
hrvao,0
judo,1
bop,1
flašama,0
kučke,0
čistki,0
sand,1
nedovršenom,0
export-import,1
valjati,0
bed,1
latter,1
grain,1
omogućim,0
partnerovo,0
planiraju,0
rebel,1
lokalnome,0
bilogorski,0
bodlje,0
suroviji,0
priložen,0
pervertit,0
hoodie,1
eksplikacija,0
plaćeniji,0
umiješamo,0
prestrašena,0
boat,1
obrađivani,0
izraženijih,0
ubilježivši,0
afterpartyja,1
cookhouse,1
funky,1
trodnevnica,0
mesijanstvo,0
odrekavši,0
dreams,1
flight,1
dollar,1
minici,0
paritetnu,0
live,1
attachment,1
result,1
pole-position,1
toniranim,0
opstajao,0
funk,1
stretcher,1
luxury,1
re-break,1
sportive,1
raft,1
petljom,0
kajkavac,0
asketska,0
mission,1
banjo,1
lad,1
selile,0
investigation,1
advisor,1
experts,1
driving,1
snjegovi,0
continuous,1
meat,1
pray,1
told,1
objavljivanjima,0
predvodi,0
manjinaca,0
dlakavac,0
predvode,0
bloody,1
udovaca,0
butternut,1
vrijednoj,0
belt,1
later,1
commission,1
metodološkog,0
kontuzija,0
pivskoj,0
density,1
posttraumatske,0
serigrafije,0
rush,1
pretpostavljate,0
failure,1
odobravajuće,0
munju,0
petnaesti,0
button,1
kolodvori,0
export,1
prometnije,0
vrludanju,0
cello,1
courthouse,1
odgođenog,0
firm,1
supružnice,0
bermudama,0
province,1
časnice,0
nepredvidivom,0
rupture,1
palmine,0
zaprijećene,0
plinofikaciji,0
ustrojstvom,0
seminarskim,0
plays,1
weekly,1
wind,1
superior,1
zastajkivao,0
namažemo,0
aktiviralo,0
high,1
squeeze,1
katalizatorima,0
shower,1
geometrijski,0
workrest,1
lost,1
polisaharide,0
percussion,1
bodybuilderi,1
popapri,0
zla,0
krvarenja,0
mourning,1
door,1
poslovnicima,0
march,1
jje,0
entourage,1
happening,1
izraleska,0
izrađenima,0
zlaćani,0
reaches,1
native,1
dogi,0
concierge,1
snap,1
record,1
diamond,1
najprivatniji,0
reserve,1
whirpool,1
bijah,0
gap,1
transition,1
preminuloj,0
obrukati,0
industrijaliziranih,0
dimenzijski,0
fair-play,1
landmark,1
websiteu,1
drugačije,0
once,1
luck,1
by-pass,1
cycling,1
riding,1
samoprozvanog,0
weight,1
rocher,1
obrijala,0
slijedova,0
primatu,0
infocentar,0
snowboard,1
obeshrabruju,0
zabijeli,0
encourage,1
supotpisuje,0
cyberpunk,1
private,1
shits,1
pretty,1
shut,1
representation,1
vojno-industrijskom,0
bass,1
promise,1
ubrzali,0
chef,1
command,1
paragon,1
offensive,1
omotaju,0
uličari,0
church,1
sister,1
yolo,1
najbrojniji,0
santi,0
vlaženje,0
uplašilo,0
neviđeni,0
ajurveda,0
najimućniji,0
auto-kampu,0
namaču,0
datumski,0
opremili,0
zatezna,0
entity,1
dokučiva,0
četvrtoplasirana,0
obespravljenom,0
fade,1
touring,1
quest,1
zupčanik,0
ljuskicu,0
žustrom,0
nedjelo,0
interactive,1
rasvjetlila,0
nareska,0
dishes,1
please,1
konditorskim,0
celebrating,1
ljetujem,0
corpora,1
opravdanima,0
nepravednom,0
drum,1
reaction,1
expression,1
main,1
kokurenciji,0
neoznačena,0
tegljenju,0
kompleksan,0
orkestracije,0
basilicas,1
watched,1
nepojmljiva,0
podrućju,0
hailed,1
pretjecali,0
broadcaster,1
domaćinstva,0
trial,1
prštati,0
krvavica,0
aramejskog,0
neiskorištenog,0
firefighters,1
regret,1
sentiment,1
scraping,1
konferenciju,0
šamponi,0
nebrojeno,0
šljamu,0
beefsteak,1
search,1
boomerang,1
pokretačima,0
mračne,0
rocker,1
powerpoint,1
njemačko-turskog,0
boot,1
kraškog,0
cheer,1
livanjskih,0
downsizing,1
adaptirale,0
newspaper,1
yours,1
zalijemo,0
zakletog,0
setting,1
povlaštenih,0
hanging,1
antique,1
dark,1
bas-gitare,0
kamfor,0
meeting,1
shouting,1
jednoetažna,0
twerka,1
gorštaka,0
ill,1
zakladu,0
doping-kontrola,0
log,1
financijsko-ekonomskom,0
tight,1
enjoy,1
zasladi,0
qualifier,1
meteorološki,0
agency,1
hard-techno,1
massive,1
then,1
davimo,0
cabinet,1
graničnik,0
along,1
joke,1
hornist,1
vase,1
mnogobrojne,0
oleander,1
big,1
šestercima,0
gayevi,1
welcomed,1
sinkro,0
booth,1
kardiomiopatije,0
flower,1
race,1
skupljenih,0
giving,1
boarding,1
without,1
calypso,1
zagovornica,0
quarterback,1
trokrakom,0
vlasnikovih,0
privikavao,0
outdoor,1
picture,1
dresscode,1
predigne,0
mild,1
firehose,1
nesmotrenoj,0
surovu,0
federalism,1
patchwork,1
farm,1
pobočnicima,0
onion,1
bijelo,0
meant,1
brewery,1
buying,1
defenzivnija,0
entering,1
povrćarstvo,0
otuđivši,0
road,1
abrazivne,0
digestive,1
okinite,0
dostavit,0
dodirnu,0
napastovanje,0
crvuljka,0
aint,1
remontne,0
grape,1
dvoznamenkastu,0
rooming,1
glam,1
razvlačenju,0
domestic,1
avalanche,1
pobjesne,0
lack,1
diving,1
village,1
power,1
stazu,0
slapstick,1
srpanjskog,0
neprohodnim,0
oslabilo,0
burgers,1
nesretnike,0
hiperlipidemije,0
zvižduće,0
neupitnima,0
mash-up,1
recorder,1
kunića,0
nevjernici,0
meal,1
suprotstavljajući,0
zadivite,0
razgaljenim,0
chair,1
collar,1
e-bayu,1
received,1
postulat,0
rigoroznija,0
neslavnoj,0
proof,1
bataljuna,0
masivno,0
store,1
duty,1
fotografijama,0
liliputancima,0
suspense,1
board,1
forget,1
moruzgvu,0
najeminentniji,0
north,1
units,1
familiar,1
windsurfing,1
cheerleader,1
emotional,1
razvozi,0
bait,1
dealing,1
uvukla,0
winners,1
wine,1
movie,1
wikipediju,1
casino,1
lower,1
tough,1
sight,1
ad,1
skeleton,1
nigger,1
concerning,1
accused,1
mismatch,1
nostiti,0
ženstvenoj,0
troublemaker,1
crush,1
vjerojatnijim,0
velvet,1
intention,1
razjedinila,0
kubnih,0
share,1
heritage,1
monstruoznosti,0
songs,1
predračunske,0
crew,1
pripremljenim,0
bregaste,0
counterpart,1
naoružane,0
gateway,1
najskupljim,0
libar,0
najčišćom,0
koproducira,0
suptropski,0
introduciranih,0
zastupljenih,0
winter,1
otključana,0
headset,1
octopus,1
dial-up,1
posložene,0
rađaonicu,0
odvažnijeg,0
napuštena,0
hello,1
scary,1
pank,1
milosrdnom,0
poor,1
amount,1
youtubeu,1
rulja,0
embrace,1
klevetnicima,0
militantniji,0
execution,1
never,1
switch,1
every,1
distancija,0
himne,0
nagnuće,0
intervention,1
neizvjesnostima,0
plant,1
oporu,0
highest,1
damage,1
ostarile,0
sedamdesetak,0
kroatocentričan,0
prefecture,1
track,1
vijećničko,0
kost,0
sablažnjiva,0
rascvjetanog,0
prebukirana,0
paradigme,0
razrješavati,0
dokrajčio,0
tvrđom,0
slavenskih,0
strategic,1
nepovezanim,0
realizacijama,0
peninsula,1
handling,1
category,1
skršilo,0
militarist,1
grudanja,0
teammate,1
context,1
raznježim,0
izgubljenoga,0
hospitality,1
cultural,1
obvious,1
principle,1
konjukcija,0
ostavljenim,0
prijevoznička,0
travnjacima,0
karavan,0
mjanmarske,0
vjenčavši,0
mužjacima,0
optimističkim,0
zaljepljen,0
neugledni,0
buggy,1
cathedral,1
gravity,1
nearby,1
arm,1
respektabilnu,0
magisterijem,0
fragilna,0
prisilnom,0
cajun,1
levamisol,0
stayling,1
ark,1
doznačio,0
temperament,1
pumpkin,1
attention,1
tlocrt,0
undisclosed,1
revolving,1
prekidan,0
clash,1
villa,1
uglačane,0
krsna,0
majority,1
regime,1
auction,1
svratištu,0
delay,1
igračem,0
tenth,1
kapetanice,0
otpaci,0
sume,0
sigunost,0
polling,1
ovjekovječuju,0
such,1
njemačkoga,0
gubicu,0
izgorena,0
međugorske,0
sjedaju,0
anonimus,0
dad,1
zaigranošću,0
pravile,0
award,1
slušno,0
eksterminaciju,0
navršene,0
serviram,0
kupinova,0
fašizmu,0
tjemene,0
spoiler,1
najdiskriminiranije,0
destroyed,1
višestoljetnu,0
bull,1
skinhead,1
forexu,1
predsjednika,0
bulb,1
fifty,1
software,1
socijalom,0
faster,1
zrnat,0
courtroom,1
kupati,0
tortilla,1
deradikalizacije,0
facial,1
innovative,1
regularly,1
vodičko,0
požeško-slavonskog,0
blew,1
makroekonomiji,0
zasnivala,0
karizmatičnoga,0
glazbenih,0
časoslov,0
daljneg,0
gem,1
školarcu,0
pratećem,0
remember,1
zazivanje,0
bye,1
photocall,1
prisluškivanim,0
conservative,1
kucavice,0
bullet,1
thousand,1
cant,1
solid,1
federal,1
kolumni,0
terrorism,1
spindle,1
singer-songwriter,1
dont,1
večernjima,0
prodirali,0
bulldog,1
opteretio,0
nametljiv,0
partners,1
didaktička,0
simplex,1
links,1
crowdsourcing,1
shark,1
guslaru,0
whiskeyem,1
mininalne,0
dometnuvši,0
seem,1
quaterback,1
hope,1
preprojektiran,0
undated,1
umaško,0
dragovoljna,0
below,1
bespravnog,0
sanctions,1
grew,1
konzultiramo,0
modalitetom,0
mamit,0
handle,1
kafkijanskih,0
zataškavanju,0
toxin,1
center,1
phosphorus,1
preteže,0
stubu,0
šlepera,0
selekcionirani,0
ovjenčano,0
shall,1
psychodelic,1
izume,0
charge,1
custom-made,1
dekodiranje,0
temper,1
tabernakula,0
interregnum,1
devastating,1
abdominalnu,0
dopustima,0
tomorrow,1
speeding,1
cupping,1
stylingu,1
short,1
cyberpunka,1
razapetu,0
suspects,1
fragrance,1
quarterfinal,1
aukcijom,0
mahnitosti,0
back-up,1
predsmrtni,0
šugamanom,0
objesila,0
benefits,1
ponosni,0
kazalištarka,0
mockumentary,1
naravnih,0
northern,1
causing,1
manipulatorskih,0
soul,1
shipping,1
factor,1
core,1
gall,1
hungry,1
šuškanje,0
usporite,0
name,1
present,1
nestajali,0
sometimes,1
združiti,0
squasha,1
hokejskim,0
surge,1
naručit,0
courage,1
mikrodermoabrazijom,0
tamnoputom,0
usađivanja,0
virtual,1
melioracija,0
toka,0
guesthouse,1
owners,1
lighthouse,1
kampiranja,0
mappingom,1
nadmorska,0
ličnih,0
plagiranja,0
partyjima,1
kišovito,0
your,1
needs,1
maloljetniku,0
wanna,1
deal,1
bookmark,1
mećavu,0
jack-pot,1
trenirate,0
jean,1
hrvatskima,0
produktivnu,0
karnevalsku,0
novotarije,0
supercharger,1
naputka,0
kin,1
večernjemu,0
ready-made,1
dvotračnim,0
branch,1
natježim,0
krvožilne,0
neprincipijelnog,0
prerezana,0
block,1
maksimirske,0
religious,1
dancing,1
najrelevantnijim,0
sitter,1
husband,1
trendovskim,0
izjedala,0
sitničarenje,0
konstatacijom,0
grit,1
exit,1
priest,1
army,1
kernel,1
drsci,0
bullynga,1
smakoše,0
chance,1
vojko,0
buffet,1
ljevača,0
caprese,0
ovomu,0
rezervirate,0
respektabilni,0
protupješadijsku,0
traffic,1
clean,1
reduction,1
gusaka,0
korčulanska,0
vježbaj,0
wings,1
demistificirali,0
ulaznicu,0
miljenika,0
life,1
trained,1
baždaren,0
ebay,1
suosjećajnosti,0
lyrics,1
non-eu,1
platform,1
phase,1
ponovan,0
zategnutiji,0
taboo,1
scorer,1
matrix,1
pokazivajući,0
apostoli,0
humanity,1
although,1
nulericu,0
webinara,1
fatal,1
gitaristicu,0
web-mjestu,1
naplaćivano,0
nazadnjacima,0
primorskoj,0
birdwatching,1
komercijalizirali,0
leverage,1
obvezujući,0
pick,1
complex,1
slack,1
komanditno,0
stadium,1
madame,1
skimmer,1
unveiling,1
posluživao,0
čušpajzima,0
pobjedivi,0
neonatologija,0
grofom,0
ingredients,1
capitalism,1
prison,1
judge,1
veličajući,0
prepared,1
publicly,1
agitator,1
pozabavili,0
ozbiljne,0
northeastern,1
pora,0
brvnara,0
džabe,0
screening,1
sudden,1
pojilice,0
interior,1
boxing,1
jednomotorni,0
zakrvio,0
spačkom,0
westernu,1
computer,1
followere,1
electric,1
tehnološkoj,0
zaljuljalo,0
trendy,1
running,1
napaja,0
ghost,1
convoy,1
realityjima,1
egzistirale,0
matter,1
journal,1
djetinje,0
trucks,1
assist,1
their,1
dobrodušne,0
option,1
maslom,0
leže,0
hrskaviji,0
excited,1
sidnejskoj,0
fiber,1
preacher,1
predistrazi,0
hell,1
revival,1
flare,1
zacaklile,0
raid,1
torakalna,0
pušač,0
postavljenoj,0
oganj,0
supreme,1
fantasyja,1
trouble,1
oversized,1
qwerty,1
daddy,1
suhoj,0
ponajveće,0
najposlušnijih,0
smrtima,0
threatening,1
participate,1
histološke,0
amuse,1
raspoloženoj,0
win,1
zapetljanom,0
izrast,0
dirigentske,0
poslovnik,0
istodobnoj,0
poskupio,0
krilom,0
iseljeno,0
launcher,1
dough,1
mental,1
negiraju,0
split,1
gender,1
calm,1
hardware,1
blink,1
fingerstyle,1
filled,1
guys,1
savskog,0
izviđali,0
essay,1
jugom,0
sigurnosno-obavještajnih,0
aim,1
polagale,0
trophy,1
excellence,1
advance,1
dash,1
pjevice,0
funkyja,1
struggling,1
party,1
sačinjavanje,0
wanted,1
sklono,0
radit,0
demonstrirat,0
ispruženim,0
brodarskoj,0
league,1
nacista,0
logorskim,0
banner,1
slabiti,0
viskoziteta,0
dalekoistočne,0
slamala,0
libra,1
exceed,1
sterling,1
dental,1
anyone,1
chosen,1
ugurani,0
venu,0
ugušena,0
bojali,0
emerald,1
merry,1
premrežile,0
toškove,0
slopestyle,1
bun,1
pobjedimo,0
neracionalnosti,0
cooper,1
internal,1
efficiency,1
watching,1
ovješenih,0
aspect,1
dokumentaristi,0
sočnim,0
sumerskim,0
zgrabiti,0
frizz,1
shield,1
ubodena,0
cvilio,0
cayenne,1
cop,1
rastakanje,0
showbusinessu,1
questions,1
brothers,1
predavanja,0
ujednačavanjem,0
svrgnuće,0
novice,1
kupljenoga,0
spaghetti,1
culture,1
stability,1
developed,1
freezing,1
prešutivši,0
important,1
cijanovodika,0
boeing,1
žilava,0
automatic,1
razbijanjem,0
tea,1
apartheid,1
wright,1
math,1
deseterokatnice,0
naštimavaju,0
mainly,1
beast,1
declared,1
bronzer,1
aporije,0
antropologa,0
sold,1
ukomponirana,0
najposjećenijim,0
klempavi,0
aperkata,0
vortex,1
exchange,1
newly,1
brass,1
breakfast,1
pacifističkom,0
dead,1
commitment,1
choose,1
ljigavu,0
požutjeti,0
antioksidativnom,0
billion,1
beginning,1
osnaživala,0
izuzet,0
integrator,1
koincidencija,0
sinjskome,0
twinning,1
opuškom,0
seized,1
pokazne,0
bell,1
sleeping,1
downloading,1
zapisujte,0
uhodi,0
delighted,1
ultraortodoksne,0
podrijetlo,0
random,1
clinic,1
sklopljen,0
gentleman,1
prevention,1
prevodioca,0
neojugoslavena,0
kreditoru,0
sombre,1
pustinji,0
pustinjski,0
homogeniziranja,0
posted,1
plućno,0
glass,1
beauty,1
zatupnik,0
two,1
snishodljivošću,0
monster,1
nedužnu,0
južnoeuropskih,0
seks-bombe,0
promotion,1
fee,1
potprojekata,0
preglasati,0
natočim,0
petominutna,0
effort,1
tractor,1
namijenjena,0
storyboard,1
colour,1
performance,1
zadovoljavajućim,0
footage,1
yuh,1
mljekarstva,0
analiziralo,0
featherweight,1
iskažimo,0
koljački,0
raketama,0
coop,1
općehrvatski,0
aktivistkinja,0
bučina,0
different,1
bacačem,0
kosher,1
prekrasna,0
plićaku,0
priželjkivana,0
isplativo,0
playere,1
cyberbullinga,1
curile,0
exposed,1
showbusinessa,1
self,1
action,1
vandalima,0
kijevskih,0
incognita,1
pet-friendly,1
saxofonu,1
corporate,1
bešćutnima,0
trading,1
eight,1
half,1
lets,1
prouzročio,0
you,1
žuto,0
mannequin,1
afterparty,1
uvevši,0
eat,1
currently,1
opozicijskih,0
poludesno,0
utonite,0
mosque,1
injured,1
ravnopravnijem,0
poruge,0
residential,1
warranty,1
pie,1
sprječavate,0
birokratska,0
zaoštrimo,0
preimenovanja,0
macabre,1
whirlpoolom,1
kanaliziranja,0
plasma,1
library,1
spend,1
nutricionističke,0
devesetih,0
teach,1
wire,1
uspravnog,0
govern,1
copy-paste,1
bjelačko,0
docentica,0
certain,1
dock,1
ice,1
pripravničkog,0
coupe,1
kvotni,0
around,1
prvensta,0
češljanja,0
buyers,1
relative,1
barometra,0
agile,1
diver,1
hammock,1
proricanjem,0
fingirati,0
timer,1
zastajati,0
dinamični,0
otklonjena,0
swim,1
diesel,1
five,1
detailed,1
perfume,1
everyone,1
city-break,1
known,1
ogledavao,0
kvadrantu,0
pneumonia,1
hazarder,1
bitch,1
zaposjeo,0
preticajnoj,0
mamica,0
polučila,0
vučenog,0
noodle,1
bojate,0
spektara,0
kopitari,0
aerobic,1
neprepoznatih,0
vinaigrette,1
prepuštanje,0
grijan,0
twist,1
gating,1
environmental,1
listopadskom,0
remix,1
izdvajam,0
manekenkinu,0
sleeper,1
hot-chicsaviexe,0
implant,1
considerably,1
rakijske,0
letter,1
wear,1
duplirane,0
waves,1
civilizaciju,0
treskanja,0
lutkarica,0
heel,1
follow,1
bank,1
uvidite,0
heading,1
uglađeniji,0
tear,1
potato,1
showmana,1
raznježi,0
izračunava,0
zdrastvenih,0
argumentacijom,0
usrano,0
bujalo,0
river,1
stricom,0
cross,1
taktičko-tehničkih,0
hali,0
traumatizirala,0
računao,0
nadziranih,0
organizer,1
progone,0
nabildano,0
antibiotsko,0
tie-dye,1
bench,1
nakladnički,0
flyboard,1
emulator,1
visokoobrazovna,0
cosplayere,1
backed,1
svrsishodna,0
musician,1
maršalov,0
mamino,0
sakupljala,0
ear,1
psychedelic,1
legao,0
sedamdesetogodišnjaci,0
utjehom,0
triplet,1
nostalgičare,0
dešifrirali,0
obojen,0
upper,1
inicijalnom,0
daily,1
endurance,1
sexy,1
liči,0
fare,1
endokrine,0
najopsežniju,0
being,1
expressed,1
krastavaca,0
beach,1
tour,1
akreditiranima,0
ski,1
proistekle,0
expat,1
trust,1
nestašnim,0
bodybuildere,1
otkotrlja,0
muffinima,1
skipper,1
landing,1
napuhavanju,0
rapsod,0
amid,1
administration,1
razigravači,0
osamostalim,0
rough,1
drift,1
najamnine,0
line,1
dig,1
showovima,1
ping,1
vijeke,0
referatu,0
cider,1
fusion,1
female,1
odliv,0
steering,1
ovčarstvom,0
four-day,1
zaoštrava,0
turns,1
engagement,1
ballot,1
premijerna,0
ironman,1
animirali,0
airport,1
specijalnoj,0
editorial,1
moving,1
treasure,1
backwards,1
raznježene,0
torpediralo,0
kreativnija,0
trench,1
cordon,1
davanjem,0
discover,1
bavarskih,0
gamma,1
usporavao,0
fair-playa,1
prijavnim,0
dar,0
kombiniraju,0
authentic,1
social,1
been,1
advanced,1
košarkaškima,0
proigravši,0
bioo,0
tan,1
prikazivane,0
duhanskim,0
eharmony,1
talijansko-hrvatske,0
kućanica,0
guya,1
acoustic,1
trinaestogodišnje,0
custody,1
welcome,1
sec,1
locus,1
pack,1
pelješkoga,0
spectrum,1
win-win,1
tradition,1
webinare,1
twin-turbo,1
score,1
prakticirale,0
šegrti,0
opcijska,0
autoshow,1
brandy,1
hotspots,1
go,1
concrete,1
calls,1
kliničare,0
utrošene,0
izjednacio,0
navode,0
afrobeat,1
ceremony,1
enthusiast,1
made,1
slapping,1
hipohondara,0
showom,1
break,1
lokvu,0
udobnu,0
unison,1
taekwondoaš,1
ploda,0
cadaver,1
razrežu,0
migration,1
propolisom,0
missile,1
until,1
izostavlja,0
odgoja,0
neoriginalne,0
bezbrižni,0
džematu,0
amazing,1
skirt,1
krhkim,0
kompetencijskog,0
reliktnih,0
ustoličili,0
underground,1
grounds,1
biosferi,0
armed,1
prijetila,0
borongajske,0
transfuziologije,0
preuveličano,0
opoziva,0
prošire,0
lavandinim,0
sveže,0
problems,1
iskrvari,0
fotoreportaža,0
evidence,1
chilly,1
zviznuo,0
međukorejskim,0
nautičku,0
veličanstvenih,0
module,1
samoobmane,0
žurim,0
well-being,1
stated,1
listening,1
fifth,1
ljepilo,0
pokrivenošću,0
what,1
gibanici,0
sukcesijsko,0
lokvarskih,0
kinky,1
hurt,1
simple,1
sinkronizacije,0
bags,1
suverenitetom,0
sklupčala,0
egzorcistu,0
internetima,0
glossy,1
rocket,1
najtrofejnijega,0
zahvaljujem,0
sign,1
zanesemo,0
schedule,1
ghetto,1
outside,1
cognac,1
modernističkoj,0
additional,1
wanna-be,1
abortion,1
zastavu,0
smrtonosnijom,0
processor,1
bitter,1
apneje,0
lie,1
mid,1
flag,1
row,1
opravdavajuće,0
hrvačke,0
submission,1
ugly,1
called,1
unforgettable,1
spomen-područjem,0
collection,1
inaugural,1
bless,1
minimally,1
crossing,1
solar,1
working,1
najutjecajnihih,0
transplant,1
maksimalnom,0
semifinal,1
hug,1
project,1
postdoktorsku,0
ubojičin,0
uzbekistanski,0
photography,1
kovčežiću,0
podignem,0
ishemijski,0
učenom,0
solisti,0
dobrohotan,0
millennial,1
pogrebni,0
vampiri,0
currya,1
max,1
mentalnoj,0
marki,0
smartwatch,1
jam,1
firmware,1
pneumokokne,0
oportunistom,0
router,1
bonding,1
fair,1
posezonu,0
dvojica-trojica,0
plamenica,0
biflati,0
and,1
stew,1
takvome,0
terror,1
champ,1
bridge,1
kubična,0
grijanih,0
fluorescentne,0
noklica,0
truth,1
paradiranje,0
odrasteš,0
power-play,1
mjesečevim,0
bilteni,0
inverter,1
nesrazmjerno,0
finished,1
settled,1
ljetine,0
jajovoda,0
teaser,1
cijedio,0
regard,1
fear,1
vlasteline,0
demokrate,0
feeling,1
oklijevanje,0
venue,1
kilometer,1
networks,1
neprolaznih,0
euro-afričke,0
utabana,0
zombie,1
udaranjem,0
djedovom,0
divorce,1
nepodmirenom,0
stopped,1
finish,1
planinu,0
hotelijeru,0
bush,1
muffin,1
steam,1
hipotetičkim,0
solidnijim,0
bojišnice,0
nepristranom,0
glory,1
bašćanska,0
expensive,1
kidala,0
coma,1
ojačaš,0
chilled,1
helix,1
dužinu,0
limfomom,0
seen,1
weba,1
just,1
cases,1
unibody,1
etnomuzikologinja,0
twerking,1
deployed,1
civilno-javnog,0
direction,1
kruzer,0
obrubljenu,0
ergelom,0
pound,1
samozaposlen,0
svatove,0
lijevani,0
arrest,1
depozitarne,0
švalera,0
počinitelja,0
amnestija,0
beautiful,1
bikova,0
lyrical,1
najvažnije,0
istodobno,0
ponovljenome,0
brucošima,0
introduced,1
facility,1
udomaćeno,0
jedanaestoricu,0
napaljenosti,0
population,1
vađen,0
trećemajskog,0
ozbilnije,0
duration,1
cops,1
perivim,0
fox,1
pitkije,0
trapped,1
tribe,1
blagonakloniji,0
hat,1
satelitskim,0
broken,1
potegnit,0
bouquet,1
allowed,1
veterinarku,0
aktiviraju,0
gljivicom,0
likujući,0
roštiljanje,0
soap,1
masonerije,0
vanzemaljske,0
picturesque,1
kantonalnim,0
ordinary,1
empatičnom,0
skraćenom,0
knockout,1
expo,1
jednotjednu,0
boxingu,1
krpelji,0
certificate,1
auto-gume,0
mixed,1
zeljem,0
četveročlane,0
produced,1
queen,1
žabama,0
earthquake,1
vast,1
dot,1
cinema,1
instead,1
glatke,0
prosecutor,1
e-poreznoj,0
variety,1
rusistiku,0
loop,1
clubs,1
yes,1
sleep,1
homemade,1
kleknula,0
wrong,1
dinamičnosti,0
cheese,1
pacemaker,1
bajunetama,0
walking,1
moderate,1
razvijeti,0
buy,1
erotičnoj,0
nepravičnosti,0
udružio,0
castle,1
khaki,1
electronic,1
end,1
zasjenjenja,0
briefing,1
spinner,1
psihostimulansima,0
alive,1
nevjesta,0
obrazujem,0
mirror,1
ivory,1
preambicioznih,0
value,1
fašničkih,0
roll-on,1
uspavanosti,0
swingere,1
tap,1
novovjenčani,0
gunmen,1
gourmet,1
theme,1
banjolučka,0
king,1
showcase,1
rodovnikom,0
enough,1
light-show,1
accept,1
kukuljicama,0
krovište,0
odstranjivanje,0
međimurskoga,0
low-cost,1
oduševljen,0
timing,1
wolf,1
fetish,1
diligence,1
objavilo,0
kartonima,0
noble,1
seller,1
splitter,1
tuđmanovac,0
tricks,1
konstruiranog,0
duper,1
spasioci,0
brunch,1
nenadomjestiv,0
interpret,1
sweatshirt,1
šlagu,0
potraživanim,0
any,1
međudržavnu,0
merely,1
starohrvatske,0
razdražljivošću,0
shoot,1
mad,1
evening,1
interested,1
otrovani,0
mirnog,0
fellow,1
identify,1
question,1
fallen,1
battle,1
street,1
trereni,0
animiranom,0
license,1
fireworks,1
defined,1
orkestar,0
delicious,1
role-playing,1
štiklica,0
raznovrsnijom,0
hyper,1
built,1
afternoon,1
cornflakes,1
editor,1
leader,1
malokalibarskim,0
egzorcizama,0
jeans,1
pearl,1
štovateljem,0
sricali,0
news,1
lean,1
political,1
header,1
beštimat,0
kretao,0
vičnije,0
northwest,1
požeškoga,0
latex,1
unexpected,1
placement,1
chain,1
ocekuju,0
opažati,0
slatkiši,0
got,1
autocisterne,0
sinovljeva,0
pandemijama,0
comp,1
no-fly,1
revealed,1
liquid,1
streaming,1
ispijanja,0
odslušanog,0
isplatnu,0
lipnju,0
zrelijom,0
zaljuljao,0
slasher,1
odselili,0
liberalizacija,0
sitting,1
squad,1
popuštanjima,0
greige,1
intended,1
paketićem,0
antitalibanske,0
kontinuitet,0
dortmundskog,0
itself,1
popravljalo,0
lakiranja,0
serious,1
doesnt,1
extra,1
diskreditirala,0
stunt,1
macerate,1
kičeraj,0
uvredljivim,0
windsurferi,1
gruntovni,0
takmičari,0
bond,1
primarily,1
article,1
residence,1
informed,1
included,1
različitoga,0
najprikladnijem,0
izribao,0
logorašice,0
uskratila,0
missed,1
željenome,0
vrtići,0
investiture,1
famous,1
selfness,1
foot,1
scotch,1
regenerirati,0
royal,1
practice,1
construction,1
someone,1
koprcaju,0
julienne,1
experiences,1
error,1
doputovati,0
pragove,0
tonskih,0
skici,0
signed,1
špinu,0
lacrosse,1
off-road,1
gunđa,0
advice,1
stand,1
klaunerija,0
padamo,0
vegetacijskih,0
answers,1
mop,1
odreci,0
ponajveću,0
zakačenim,0
widget,1
knjižio,0
liner,1
hrapav,0
agriculture,1
player,1
hub,1
revitalizacijom,0
uvertire,0
happyend,1
entertainer,1
topic,1
diplomatskom,0
grave,1
gale,1
slopestyleu,1
identity,1
personnel,1
erektilnu,0
trade,1
neither,1
iconic,1
barbecue,1
wagsica,1
ignorant,1
emancipiranu,0
housing,1
balm,1
plenty,1
nedovoljnoga,0
sandal,1
komičnije,0
zamračeno,0
konobare,0
zasladila,0
opportunity,1
introduction,1
zucchini,1
brandyja,1
trabanti,0
trainer,1
democratic,1
gear,1
legislative,1
piloxing,1
profiterstvo,0
šestokrake,0
turning,1
svjedokom,0
baštinskom,0
kompoziciji,0
hour,1
ready,1
flame,1
retweet,1
filmografiji,0
joker,1
hearing,1
odumiranju,0
gliseru,0
point,1
credit,1
skupljih,0
superbaze,0
punk-blues,1
bang,1
picigina,0
posjednuća,0
storm,1
well,1
nanijelo,0
defense,1
round,1
glasnogovrnika,0
mandatnog,0
zaklonjena,0
turističkome,0
talk-showova,1
division,1
ginger,1
odrezanom,0
laugh,1
uglazbljeni,0
trails,1
losing,1
admitted,1
koluta,0
frame,1
gumarske,0
grijanog,0
zagledanost,0
maxima,1
perfekciji,0
dvodimenzionalne,0
hearts,1
grime,1
svađalice,0
skopskoga,0
retail,1
strijelci,0
hundred,1
informacijma,0
dish,1
latinskim,0
pobigli,0
inside,1
nedjelji,0
grancigule,0
pro-brexit,1
ulijenilo,0
forehand,1
channel,1
exciting,1
petrinjskim,0
repicom,0
deliver,1
crno-plavog,0
mitom,0
suglasno,0
worchester,1
freestyleri,1
pritajenu,0
immune,1
suburb,1
para-taekwondo,1
ownership,1
placet,1
povećala,0
podmorju,0
ispadnja,0
florist,1
košute,0
kriptičnim,0
izmiješalo,0
iziđete,0
unprecedented,1
rastrzana,0
lučkoj,0
tuning,1
illustration,1
lakšoj,0
univerzum,0
urote,0
architecture,1
democracy,1
tekle,0
altar,1
stjecatelj,0
peel-off,1
poses,1
peoples,1
ministarskoj,0
request,1
dense,1
word,1
sinergijskih,0
cooking,1
history,1
window,1
afterwork,1
zavičajima,0
bukureštanski,0
fondue,1
task,1
service,1
upozoreno,0
ugovor,0
kotirala,0
obračunate,0
mirisima,0
ugušenih,0
allegedly,1
pastele,0
šatorskih,0
protumuslimanskim,0
utorka,0
nadraženo,0
hedge,1
oplovila,0
stem,1
dramatičnom,0
formuliralo,0
bradatu,0
diuretiku,0
machines,1
prvopričesnici,0
avenue,1
rezigniran,0
vizualizaciju,0
deprofesionalizaciji,0
pokrećeš,0
četničku,0
merchandise,1
ishođenje,0
oil,1
nadjeven,0
zakoprcao,0
secondary,1
šećernog,0
chic,1
feasibility,1
viewed,1
user,1
inclusion,1
bolovale,0
mlatile,0
dirt,1
prijedlozi,0
prevaljivati,0
killings,1
skimming,1
nadolaze,0
metaka,0
speech,1
championship,1
protuzrakoplovnim,0
preuređuje,0
storytelling,1
pronalazača,0
navigation,1
visokovrijedne,0
crash,1
napakirati,0
lines,1
women,1
headline,1
egzistencijalističke,0
chicken,1
šarenoj,0
coming,1
naglašenim,0
assistance,1
kalendaru,0
prvorođenoj,0
selfies,1
regent,1
amour,1
newspapers,1
heat,1
uspjelu,0
emblem,1
mock,1
posing,1
sealed,1
trance,1
vulkansko,0
postratni,0
regular,1
neupisan,0
decided,1
krstimo,0
shouts,1
beznadežno,0
šizofrenu,0
grafikonu,0
prenatrpanog,0
tomato,1
spy,1
lajav,0
zobeni,0
contest,1
monday,1
foul,1
jack,1
osovini,0
podnescima,0
united,1
phenomenon,1
summer,1
hardly,1
ugledati,0
pripadna,0
spoznajna,0
zaračunata,0
employee,1
češljate,0
primorsku,0
politizirate,0
display,1
uznapredovalog,0
primer,1
ispruženih,0
rating,1
barda,0
rješevanja,0
razmontirala,0
siledžijskog,0
iskoordinirano,0
pap,1
pogledajmo,0
politician,1
transformiranom,0
naslijeđenim,0
music,1
černobilskom,0
ženinu,0
lame,1
suspendirali,0
ukazujete,0
etwining,1
smionosti,0
aranžirali,0
china,1
opterećenjem,0
maksime,0
sretanja,0
humanija,0
valentinovskom,0
ornitologa,0
wikimedia,1
snooker,1
train,1
ogorčenom,0
prenoćištu,0
najapsurdnije,0
češnjakom,0
represent,1
pozamašnom,0
baštinila,0
nothing,1
floor,1
old,1
refresh,1
razderanu,0
bypassa,1
forward,1
produžetaka,0
kvarnog,0
mikročipove,0
stone,1
pest,1
jednoć,0
antigay,1
possible,1
komunističkog,0
countrya,1
exotic,1
bagel,1
olabavila,0
mass,1
snake,1
naprosto,0
prokleo,0
country,1
protuhrvatskih,0
system,1
utegu,0
vulkanizer,0
catch,1
visible,1
primjenili,0
dog,1
therapy,1
fizici,0
crony,1
approaching,1
criteria,1
percent,1
grandeur,1
dvadesetim,0
skinny,1
lecture,1
poticajnih,0
reader,1
prošlogodišnje,0
sporty,1
concern,1
volume,1
deformiranja,0
nabrali,0
neujednačen,0
rugby,1
perhaps,1
need,1
ispostavlja,0
homeless,1
pošpricale,0
snagom,0
furious,1
stretch,1
interesting,1
tested,1
pjevanju,0
naraslom,0
walk-in,1
ismijavana,0
vratnicom,0
rent,1
botaniku,0
usamljenoj,0
newsletter,1
nor,1
zloslutnih,0
paganskim,0
physics,1
dovikivanja,0
kancelariju,0
telling,1
umućen,0
trumpovskom,0
cave,1
adaptacije,0
potezima,0
classes,1
razgovorljive,0
teacher,1
bootleg,1
plagiranim,0
english,1
umreže,0
epoha,0
acknowledges,1
synthova,1
asfaltiranu,0
scripts,1
coli,1
prefix,1
prikrivena,0
noise,1
simply,1
full,1
bath,1
skrenulo,0
picnic,1
perje,0
safety,1
sweet,1
alert,1
metrics,1
federalni,0
izliječenju,0
politiziramo,0
promašenima,0
indukcijski,0
motto,1
napunio,0
favor,1
šokirat,0
eastern,1
arbitrarnosti,0
laburist,0
prikazala,0
slizavanje,0
monokromatskoj,0
against,1
igraliste,0
ekonomiste,0
kuljali,0
okay,1
ministrica,0
fudge,1
prijateljevanju,0
šmirgl,0
build,1
autocestama,0
luksuzni,0
klaustrofobičnog,0
zalupi,0
izbacivanje,0
either,1
francusko-kamerunskog,0
sheep,1
pašku,0
kandidirana,0
pulp,1
zakletva,0
hold,1
presuđene,0
fonetski,0
bottom,1
nevoljenog,0
najprimamljivija,0
buketići,0
aka,1
šutjele,0
dezorijentacijom,0
reproduktivnog,0
twinturbo,1
uspinjali,0
cover,1
režijsku,0
ložač,0
untouched,1
specific,1
swift,1
temporary,1
prišuljati,0
sagrađen,0
extensions,1
backstop,1
capable,1
interface,1
economics,1
najizraženijom,0
ljetošnjeg,0
melodic,1
independence,1
eating,1
her,1
amplificirani,0
udarača,0
oboljelim,0
network,1
poigralo,0
papučici,0
zamuckivao,0
krapinsko-zagorskim,0
afirmiranja,0
highways,1
ink,1
osmanska,0
wheel,1
spent,1
technical,1
varijable,0
jedanaesterce,0
dvorišni,0
neporezna,0
styling,1
jive,1
fellowship,1
zamagli,0
pull,1
cavendish,1
zapaljuje,0
prosvjedovanje,0
mrazova,0
energy,1
bjelokost,0
tromboembolijske,0
unučićem,0
pose,1
relevantnim,0
contents,1
epoxy,1
skip,1
watcha,1
shifting,1
killer,1
gallery,1
pretjeruju,0
showrooma,1
pridruženi,0
wellness-spa,1
evacuate,1
outfit,1
nenadmašivo,0
kancelarkine,0
fortune,1
neospornog,0
stores,1
informiraš,0
prayer,1
konzervativniji,0
krivinu,0
babybonus,1
down,1
lisabonskoj,0
cosy,1
exist,1
zaštitita,0
posjednu,0
last,1
hand-free,1
dobivaju,0
dodan,0
many,1
halfpipe,1
bižuterija,0
nepoderiv,0
singleplayer,1
crnije,0
konkurent,0
candidate,1
varaždin,0
tissue,1
freak,1
divljinama,0
kupski,0
must-have,1
dotjerivanjem,0
terrier,1
metallic,1
ubacivši,0
nadražiti,0
intendantsku,0
guze,0
navukle,0
warp,1
pomfrita,0
marriage,1
engineering,1
invasion,1
prisvojili,0
chairman,1
uzdignuća,0
kovanja,0
slalomaš,0
upucati,0
počinioce,0
agrees,1
shelter,1
sašiveno,0
effect,1
kandidira,0
sindikalnog,0
otezalo,0
versus,1
ex,1
warmup,1
it,1
polupan,0
walkman,1
ustalo,0
verso,1
operating,1
trkeljati,0
poljuljanoj,0
baletanke,0
drhtaj,0
okitile,0
tatica,0
višeetničke,0
narezivanje,0
tweetera,1
office,1
boudoir,1
potpredsjednicu,0
priskočiti,0
discovery,1
positivity,1
instructor,1
customer,1
pročelniku,0
hide,1
inficirana,0
registration,1
bite,1
poke,1
backdrop,1
kvislingu,0
lavljim,0
microusb,1
riješenjem,0
utjelovila,0
izložaka,0
respektabilnim,0
brownfield,1
neorganski,0
genius,1
society,1
tequila,1
worked,1
liberalno-demokratski,0
goalkeeper,1
firentinskog,0
pljesni,0
najvitalnije,0
observatory,1
eksplodira,0
troll,1
vane,1
experimental,1
financial,1
zagolicaju,0
vesternizacije,0
uče,0
informanata,0
hadezeovskoj,0
showman,1
plazibat,0
behind,1
equity,1
browniesa,1
cash,1
endokrinolozi,0
osvajanju,0
dancer,1
kapicama,0
tartufate,0
formation,1
skunk,1
openness,1
dočarana,0
decide,1
slate,1
nadziralo,0
čipkom,0
aerial,1
avionom,0
obljetničkog,0
order,1
harač,0
najtraženijim,0
presence,1
happy-end,1
porođajni,0
objašnjavanju,0
oslabljenih,0
antimony,1
explanation,1
fort,1
najodvratnijih,0
kriči,0
ibuprofena,0
butnog,0
siromaha,0
fraiche,0
ojađeno,0
radnom,0
agilityju,1
panic,1
suverenu,0
prezaduženosti,0
tamnosmeđu,0
reprezentirao,0
met,1
učionicom,0
kapljica,0
vrimenom,0
hurricane,1
ratnicima,0
stand-by,1
bundesligaških,0
otekli,0
shelf,1
zadala,0
lock,1
legal,1
cestari,0
number,1
demonska,0
objedinjena,0
violin,1
baruštinu,0
osamljene,0
backend,1
freeze,1
fun,1
potkopavanja,0
airbrush,1
men,1
otrovnost,0
onemogućit,0
extent,1
prvomučenik,0
krntiju,0
savezništvima,0
tennis,1
digestivni,0
zatočile,0
issue,1
polakome,0
platiti,0
flertali,0
two-day,1
uračunavati,0
visits,1
engineer,1
due,1
rising,1
mutant,1
migrantsko,0
neslanoj,0
potreba,0
galamila,0
hrestomatiju,0
boxspring,1
awarded,1
koordiniranog,0
early,1
lawyer,1
kraterima,0
films,1
offer,1
amputiranim,0
buzzer,1
express,1
product,1
ugledaš,0
far,1
beat,1
oblačniji,0
spustio,0
kacu,0
sredovječnih,0
detaljnijim,0
ušutkava,0
prometnuli,0
chronic,1
counting,1
telekomunikacije,0
hokejašice,0
residency,1
shadowing,1
bullyingu,1
pjenušavog,0
exercise,1
istyle,1
kragujevačkih,0
wearing,1
friendly,1
pattern,1
karamelizirani,0
sramite,0
pojasem,0
desk,1
rovitih,0
streptococcus,1
bitnija,0
bicycle,1
dinosaurus,0
bojama,0
posvećenim,0
bomb,1
company,1
ch-aviation,1
world-music,1
senatske,0
bekovskim,0
lemilice,0
getting,1
konferencijom,0
if,1
run,1
spiniranje,0
najsexy,1
him,1
receiver,1
redateljicama,0
unlisted,1
mixom,1
dance,1
okrnjeni,0
rugajući,0
oyster,1
watches,1
purchase,1
honor,1
plot,1
come,1
legacy,1
whatsappu,1
hororska,0
odvrtjelo,0
drifting,1
dealer,1
evolution,1
provokativne,0
natjecateljicama,0
kind,1
dramaturgijom,0
taking,1
extremely,1
pressing,1
puku,0
spring,1
uravnoteženiji,0
fail,1
ispitivanim,0
professor,1
turbomotor,0
source,1
tokarenjem,0
cementnu,0
krunskim,0
networka,1
genetic,1
pocket,1
mere,1
cemetery,1
campaign,1
respect,1
aditivom,0
potaknete,0
osumnjičenik,0
have,1
revolution,1
zamjenjujem,0
samostanske,0
četrdesetim,0
keks,0
ragdoll,1
atmosphere,1
montiranja,0
hižom,0
stjecatelja,0
determined,1
wallbox,1
nation,1
sijeno,0
offering,1
pout,1
šlapice,0
science,1
otuširaju,0
odmagati,0
bekend,0
osvijetljenom,0
chess,1
estate,1
razočaranje,0
leave,1
southwest,1
warm,1
opće,0
day,1
vatrogasno-operativnog,0
citylight,1
racionalna,0
ignore,1
transaction,1
hook,1
banquet,1
animation,1
akreditiranje,0
obeštećena,0
wearables,1
uhapsit,0
vodljivost,0
rušena,0
tipično,0
explore,1
highway,1
understanding,1
međugeneracijsku,0
property,1
potential,1
priljepke,0
lifestylea,1
belly,1
pageu,1
organizacijskim,0
not,1
tigrića,0
mutations,1
irelevantnim,0
zakonodavca,0
position,1
remixu,1
podvožnjake,0
destrukciju,0
rasijecanja,0
obespravljene,0
najljepše,0
vrapce,0
formalizam,0
vedrine,0
otpjeva,0
pojedinsoti,0
carving,1
blagoslovljenom,0
trailer,1
transfuzijska,0
učestvovati,0
interijerskog,0
drone,1
ispovjedne,0
soil,1
glue,1
drugookrivljenog,0
anarhističkim,0
desetogodišnjake,0
that,1
cult,1
zasvijetlit,0
department,1
entertain,1
shining,1
cabernet,1
mother,1
poći,0
fancy,1
digital,1
srodnica,0
followeri,1
protusrpskih,0
divide,1
foyer,1
index,1
aircraft,1
quiz,1
zagrljajima,0
roštiljadu,0
topless,1
punjenog,0
by,1
preuzimala,0
višesatnu,0
photo,1
newsletteru,1
škarpina,0
bauštela,0
anđelika,0
milieu,1
radnima,0
slucajno,0
spice,1
vintage,1
dopunskih,0
natural,1
dodge,1
drinking,1
zarekla,0
cube,1
leukemija,0
presidency,1
electronics,1
honour,1
doodle,1
refugee,1
rastaljenog,0
organiziralo,0
crvenu,0
ovrhe,0
subway,1
downsizinga,1
neinformiranošću,0
otkaznom,0
pljuca,0
gipsy,1
directly,1
dobnim,0
dress,1
trešnjevačka,0
suspregnu,0
odgovornog,0
election,1
altermodify,1
heaven,1
konzervativnijeg,0
given,1
ljetom,0
zaživjela,0
ritmičarke,0
epic,1
whose,1
videos,1
zatiljkom,0
immigration,1
instalaterima,0
touch,1
raspukne,0
gungulu,0
pastry,1
happen,1
former,1
crteža,0
broskvu,0
preglupo,0
pećinari,0
poludrago,0
wundercammera,0
canvas,1
definitno,0
nišani,0
sobno,0
suzavcu,0
pistachio,1
patrol,1
acid,1
neopisivoj,0
grilled,1
dužnoj,0
established,1
buzzword,1
demokratizirali,0
inoj,0
orbit,1
grown,1
postprodukcijom,0
simplexa,1
winning,1
magnetskim,0
krivudanja,0
least,1
mouth,1
friendship,1
master,1
separation,1
cooked,1
cooling,1
disruptor,1
evakuacijskom,0
waste,1
tracks,1
security,1
gift,1
harbour,1
jihadists,1
downhill,1
spiritus,1
syndrome,1
weddings,1
discus,1
jail,1
međugradskome,0
lash,1
shoegaze,1
biogradsko,0
considerable,1
trail,1
honky,1
prešanje,0
pritvoren,0
elektromagnetizma,0
dropu,0
izdiktirala,0
agape,1
heartquake,1
unanimous,1
aktivizmu,0
apparently,1
tetive,0
donesena,0
zabijanjem,0
prepreka,0
bučom,0
potiskivanja,0
debut,1
sadržini,0
sluzavim,0
birthday,1
calling,1
kolcem,0
čašicu,0
popričale,0
lifestyleu,1
escape,1
maminu,0
najpogibeljnije,0
pokvarimo,0
widespread,1
izviždati,0
powers,1
zaparao,0
bread,1
laughing,1
skupima,0
pretresu,0
sortiranja,0
palijativnog,0
jelkama,0
oveća,0
trader,1
mahunara,0
domain,1
iskupili,0
foteljašima,0
astronomom,0
usmjeravali,0
proslog,0
rack,1
najpovlaštenijeg,0
says,1
patch,1
mimoilaziti,0
flop,1
here,1
pomazanika,0
prvooptužena,0
mirnoći,0
myself,1
polutajnosti,0
čakovečku,0
jubilate,1
leadership,1
separatističku,0
gricnuti,0
unit,1
gave,1
kobase,0
odd,1
lažljivim,0
purple,1
rossu,0
tkanog,0
cache,1
garlic,1
rukovatelji,0
mrakom,0
znanstveno-nastavnih,0
raspberry,1
trozonskom,0
mošusom,0
pojavnostima,0
treptao,0
bundžija,0
rasvjetnom,0
deformiralo,0
potonju,0
šminkerice,0
hranidbi,0
zagovaračke,0
standing,1
reason,1
innovation,1
gameplay,1
fijumanski,0
agitirali,0
themselves,1
controversial,1
proteinskih,0
zarađenoj,0
eleven,1
zaletiti,0
bluesrock,1
alongside,1
autoritativnost,0
whisky,1
reboot,1
košarkaški,0
hladnjače,0
ormari,0
pokvare,0
neefikasni,0
popeglao,0
type,1
terrorist,1
learned,1
advantage,1
trolling,1
neistraženim,0
miksolog,0
zijevanja,0
nevezanje,0
melograf,0
qui,0
watch,1
unisex,1
jazzer,1
likvidirati,0
primopredajnik,0
sniježnih,0
bowling,1
društveni,0
mayday,1
closer,1
prokazale,0
muscle,1
gun,1
landslide,1
tomahawk,1
zidarskom,0
šile,0
skill,1
potkraj,0
approval,1
dobrovoljačkoj,0
binge,1
vitalnima,0
rušile,0
iskomplicirati,0
barrel,1
separate,1
focus,1
paint,1
izvršiteljima,0
mješanki,0
cancel,1
kolničkim,0
cut,1
korupcijama,0
nestajao,0
month,1
event,1
prerizično,0
geek,1
laprdanje,0
zaigramo,0
rastajanja,0
turned,1
baby,1
strojarskim,0
djevojačkih,0
deklariraš,0
čakavici,0
fucking,1
međuzvjezdano,0
liqueur,1
broj,0
strong,1
remontnim,0
formed,1
europarlamentarca,0
izoštrenim,0
desetorke,0
loaded,1
autumn,1
psych,1
spread,1
mud,1
justice,1
peder,0
dugovječnosti,0
sworn,1
proizvodnji,0
pork,1
weapon,1
roadshow,1
kitchen,1
neosvojivoj,0
odlući,0
waterbike,1
thriller,1
strake,1
nesagledive,0
hero,1
cenzurom,0
redstava,0
cijenila,0
push,1
faktorima,0
recycle,1
really,1
reumatskog,0
ucinili,0
doll,1
pečata,0
podređena,0
twerkašica,1
izvikala,0
karakterizacija,0
nadstrešnica,0
peep,1
trileri,0
jedinac,0
fighter,1
recent,1
pozivaju,0
okrenutim,0
puzajući,0
operirani,0
medical,1
nazivlju,0
yogom,1
ličko-senjskim,0
neodržavanje,0
worldwide,1
vizitacija,0
deportacije,0
read,1
radial,1
utopljenicima,0
kolonijalnom,0
prekršitelji,0
amsterdamskoj,0
deep,1
preispitali,0
derby,1
inning,1
emisari,0
synthesizer,1
printed,1
mjerilu,0
downtempo,1
velebitskih,0
članicom,0
delivery,1
ovlastima,0
njemčka,0
buktinju,0
smrekom,0
debris,1
toe,1
izazivate,0
follows,1
čakavska,0
aktivistica,0
kick,1
carried,1
trsa,0
related,1
cold,1
occupation,1
definirano,0
torque,1
najužasnijeg,0
quid,1
twittova,1
santu,0
švicarskome,0
pretrčavanju,0
melting,1
comedy,1
covered,1
cheesecake,1
web-site,1
subvencije,0
postavljam,0
lagerom,0
absolute,1
marked,1
grbači,0
bap,1
hračka,0
seizmičkih,0
prokazivanja,0
inkorporirane,0
sophisticated,1
tuckanja,0
medley,1
nurse,1
najlakšim,0
eclipse,1
singers,1
backstage,1
ranger,1
zoom,1
viljamovku,0
pudding,1
seed,1
višeminutno,0
najnormalnijim,0
relation,1
propalica,0
slowfox,1
šumarija,0
peer,1
stotu,0
ray,1
ekranizacijama,0
karambola,0
pomaganje,0
postulator,1
garage-rock,1
saving,1
participant,1
sought,1
perspective,1
povelike,0
cost,1
jastogom,0
proklizala,0
bodybuilderice,1
zubac,0
auto-show,1
njegovoga,0
prouzrokovanog,0
hidrantu,0
bosih,0
rič,0
wave,1
suspregnut,0
proposal,1
significant,1
best,1
aktivnom,0
društveno-ekonomska,0
act,1
father,1
collapse,1
secret,1
entertainment,1
designer,1
bacili,0
few,1
tamburaškim,0
hawk,1
dewy,1
kenozoika,0
jinglove,1
oglasnog,0
evoluirala,0
lone,1
španjolsku,0
podnošenju,0
izvediv,0
monocytogenes,1
episode,1
deadline,1
iceberg,1
officers,1
nick,1
mačko,0
elitističkoj,0
mining,1
odljevima,0
imobilizirano,0
boćali,0
relaxation,1
dalekoga,0
finance,1
savjetovanje,0
fish,1
leisure,1
obavezujući,0
nevoljkost,0
mlazove,0
požara,0
motion,1
smireno,0
colors,1
gangrenom,0
truljenjem,0
jevrejska,0
kriznoj,0
točionicu,0
linked,1
contemporary,1
projektirala,0
podređenost,0
caught,1
pijetlovima,0
nevjernom,0
drvenasti,0
secretary,1
zabavit,0
ultramaratonca,0
glagoljsku,0
soundsystema,1
training,1
folder,1
difficult,1
armadom,0
diplomacy,1
quartz,1
paradržavu,0
jungle,1
aqua,1
origin,1
distribute,1
poslovnjak,0
cannot,1
nadomjestaka,0
condition,1
nasmijavali,0
vodotornja,0
hipoksije,0
expressom,1
constitute,1
istječu,0
mas,0
dual,1
kretenskim,0
desetkovalo,0
song,1
dominant,1
beagle,1
moonwalk,1
want,1
floater,1
rental,1
boy,1
creator,1
jurećim,0
filantropu,0
potrošene,0
under,1
odspojiti,0
murder,1
light,1
soup,1
nekropolom,0
opterećivat,0
izlijevao,0
laknulo,0
škverskom,0
monastery,1
noćio,0
concept,1
meetupova,1
forever,1
novinarkine,0
susreo,0
silaznoj,0
turn,1
kooperanta,0
both,1
whiskeya,1
shot,1
e-commerce,1
year,1
mean,1
puzzle,1
impact,1
mešetarenju,0
busenastog,0
kotlićem,0
usually,1
island,1
angel,1
smradovi,0
dislike,1
steakhouse,1
dekan,0
prekosutra,0
imatu,0
post-it,1
uštrca,0
dvostrukoj,0
žustrih,0
also,1
pučanstvu,0
crtežima,0
glumatamo,0
nearly,1
sačma,0
sever,1
clipping,1
perception,1
writing,1
pečenu,0
dovitljivih,0
firewall,1
prirodoslovno-matematičkom,0
income,1
cart,1
tajkunsko,0
messenger,1
crackle,1
thanks,1
equipment,1
probudim,0
nadovezavši,0
final,1
prize,1
bail-in,1
plješćemo,0
of,1
funny,1
should,1
gladnije,0
izdaci,0
mailbox,1
stupid,1
neposoban,0
izbjegličkoj,0
jap,1
zavodnici,0
mudrija,0
patetičnost,0
grant,1
nateknuće,0
ušutjeti,0
pravopisno,0
kvorumom,0
gud,0
passenger,1
naoblačenje,0
pregnancy,1
preparator,1
becomes,1
insanity,1
opening,1
sense,1
shade,1
pravopisnoj,0
aftershow,1
empathy,1
blow,1
slabinu,0
close,1
enciklopedijskoj,0
will,1
hodočašćem,0
selektorsku,0
gajeti,0
barbadoška,0
pismeni,0
opstrukcija,0
ostvarenoj,0
youtuber,1
polaskano,0
izrecitirala,0
ljutika,0
those,1
zarežu,0
žigolo,0
visual,1
wax,1
nasilna,0
bear,1
međunacionalne,0
cognitive,1
profiliranost,0
zaglađeno,0
zalutala,0
pronašl,0
owned,1
arsenic,1
zbrajani,0
scream,1
garden,1
uglancao,0
nasljeduju,0
sunitski,0
plivajte,0
zauzmimo,0
eyes,1
genuine,1
brljao,0
locking,1
svestranih,0
flux,1
naslovljuje,0
karakterizirani,0
part,1
ruby,1
preusmjereni,0
otpuhali,0
stanična,0
feštat,0
zasuti,0
weeku,1
ransomwarea,1
tlapnje,0
forex,1
pjevam,0
mariner,1
najčuveniji,0
suitable,1
bodybuilder,1
blockade,1
odvozite,0
pucketati,0
glikolnu,0
jajašca,0
where,1
destination,1
kategoriziran,0
crystal,1
officially,1
steamer,1
local,1
ekstraprofite,0
ballet,1
infusion,1
suoptuženice,0
administrator,1
leaks,1
etwinning,1
killing,1
poet,1
vršnjacima,0
joint,1
klevetničke,0
cloud,1
creation,1
promašajima,0
single-player,1
citizenship,1
lux,1
podlijeganja,0
receive,1
repeat,1
upadao,0
sponsor,1
autentične,0
približnu,0
looping,1
influensere,0
marljiv,0
cane,1
diletantskom,0
stojećki,0
ritmičnu,0
automobilista,0
pričuvnik,0
dodavsi,0
otječu,0
netoleranciju,0
guide,1
vreli,0
zgasnula,0
rib-eye,1
ekscentričnim,0
najdestruktivniji,0
dimovodnom,0
neplanirana,0
neograničenog,0
carefully,1
tournament,1
vjestice,0
commerce,1
nizala,0
poduzeti,0
ispromašivao,0
malignant,1
httpswwwfacebookcomautoklubhr,0
definition,1
did,1
završetcima,0
keynote,1
posvećenjem,0
international,1
messy,1
tribal,1
lazy,1
informative,1
pobratim,0
pojure,0
geophys,1
layout,1
aleja,0
onomatopeja,0
cargo,1
asset,1
šifrarnik,0
prerezanih,0
prijavimo,0
prisoner,1
džemper,0
underway,1
neighborhood,1
notification,1
odgovarajuću,0
nikomu,0
zaobilaziti,0
wildfire,1
krpajući,0
maskiranog,0
njihovm,0
blatnim,0
moćnome,0
showbusiness,1
ribarstvom,0
appeal,1
flagship,1
competition,1
najrazličitijeg,0
furniture,1
fracking,1
lyric,1
upisujem,0
sex,1
fusiona,1
historicistički,0
remiksevi,0
kaskadna,0
touchdownu,1
container,1
prinčevoj,0
belonging,1
snowboarder,1
govornike,0
coaster,1
desetodnevlju,0
influx,1
explain,1
cosplay,1
groznom,0
priskrbimo,0
submarine,1
zakasniti,0
obrezivati,0
operate,1
submisivno,0
kriminaliteta,0
polusatnom,0
izmjereno,0
gingerbread,1
psalmist,1
surrounded,1
cirkulirale,0
emotion,1
neighbourhood,1
entire,1
instantnih,0
suspended,1
miracle,1
ribnjacima,0
zadimilo,0
responsibility,1
memoarski,0
uključivim,0
xy,0
psihoorganski,0
izjednačenosti,0
izglasat,0
post-punk,1
pretočeni,0
oslobođenih,0
effects,1
laboratory,1
lights,1
stylist,1
before,1
fašizmima,0
uzetim,0
initiative,1
restore,1
rhythm,1
talk-show,1
krčio,0
kiwija,1
apparent,1
winnera,1
salonom,0
ujedinjenju,0
luxa,1
humankind,1
potentially,1
strunu,0
anonimizirane,0
label,1
grobištu,0
surround,1
materijalizacije,0
vjećnike,0
actress,1
holiday,1
drought,1
count,1
konzultantice,0
pair,1
lag,1
modification,1
bizarni,0
obilježavan,0
gravurom,0
suite,1
tips,1
elected,1
tulipanovac,0
elaborirajući,0
jednakopravan,0
each,1
advertising,1
minority,1
dobacivši,0
fell,1
tower,1
melodramatskog,0
ročnošću,0
sauce,1
imagebroker,1
tweeter,1
presjedanje,0
fruit,1
unexpectedly,1
disc,1
htjelo,0
overbooking,1
pucnjem,0
sebični,0
selection,1
senzibilne,0
wallpaper,1
kanski,0
salonski,0
ratio,1
singer,1
deluxe,1
proturječja,0
pređen,0
western,1
onečišćenju,0
primiš,0
kolničkog,0
suosjećajan,0
promišljenog,0
gardama,0
babysittericu,1
terrain,1
payment,1
sjediniti,0
crnokošuljaškim,0
doctor,1
tjelohranitelju,0
background,1
spriječene,0
podrignuti,0
galantni,0
upadljivog,0
drvetom,0
fantastic,1
seek,1
odraze,0
protukanditat,0
najelitnija,0
mlatila,0
rasplitanju,0
committee,1
raščišćene,0
barber,1
kompjutorskog,0
relationship,1
kombiji,0
words,1
račiće,0
defensive,1
uspijeva,0
governor,1
reprint,1
ejakulirati,0
feeder,1
skorena,0
sortiranog,0
dangubi,0
potpomognuti,0
prisilnim,0
uzgojenu,0
click,1
say,1
die,1
očuvanim,0
afrički,0
swimming,1
tool,1
poluilegali,0
speed,1
executive,1
superkompjutor,0
six,1
neverini,0
uphill,1
hodočašću,0
ispovijediti,0
kockara,0
pressure,1
laid,1
komplicirati,0
perete,0
svučena,0
depression,1
kolce,0
rare,1
nezahtjevne,0
bachelor,1
siesta,1
helicopter,1
netaknutih,0
neck,1
match,1
spin,1
istočnomediteranske,0
mash,1
replay,1
ujko,0
fidget,1
twigs,1
zemljišnoknjižnom,0
weeks,1
forgive,1
čemprese,0
burst,1
poprimili,0
rekreirajući,0
dramatic,1
recognition,1
reformer,1
feel,1
podmazivanja,0
bluegrass,1
analitičarku,0
milozvučne,0
sailing,1
gentrifikaciju,0
uprihodovalo,0
sanitarija,0
degree,1
stealing,1
predosjećaj,0
application,1
napornijeg,0
bacteria,1
dove,1
season,1
raskršćima,0
klasicistička,0
producer,1
triple-double,1
isolated,1
nebranjeno,0
kralježnjak,0
akustičnost,0
ukinutom,0
patliđan,0
complete,1
mania,1
nadležno,0
matchmaker,1
brexitom,1
ourselves,1
sexuality,1
redarstvena,0
baywatch,1
shutout,1
technology,1
priberemo,0
sensor,1
coworking,1
arrive,1
žučnu,0
station,1
nabrala,0
seeking,1
jazz-rock,1
frequent,1
notch,1
liposome,1
socijalističkoga,0
civic,1
impression,1
prorijeđeni,0
ultimate,1
snowboardinga,1
kavitaciju,0
ukazuje,0
nepozvanim,0
vikend-putovanje,0
potpisanom,0
konvojem,0
čelije,0
vodovodi,0
merch,1
bespovratni,0
kulturno-umjetničkom,0
wildcard,1
output,1
zadovoljive,0
nevedene,0
osiromašen,0
profesionalizirano,0
najrealnijih,0
bungie,1
destabiliziranja,0
elitnijim,0
koker,0
wikipedia,1
improve,1
francuskim,0
voćnošću,0
dopisao,0
pinjolima,0
princess,1
poseksam,0
suspect,1
embattled,1
slobodnomislećih,0
potražujući,0
okviri,0
coder,1
cameo,1
alley,1
direktima,0
greater,1
uvedenom,0
najduhovitijim,0
stage,1
route,1
scientist,1
destilirani,0
rookie,1
several,1
izlovom,0
sorry,1
destroyer,1
assume,1
dent,1
botanika,0
uvaljani,0
baggy,1
trilateralnoj,0
good,1
življem,0
slikarevu,0
tuner,1
štuko,0
cigar,1
violence,1
circuit,1
žongliranju,0
treatment,1
carnival,1
zabavno-glazbenom,0
maintenance,1
cruiser,1
pub,1
folnom,0
razlilo,0
najljepši,0
biggest,1
paypal,1
sequel,1
forthcoming,1
foundation,1
completeness,1
be,1
borovina,0
meteorološko,0
detox,1
affordable,1
kutjevački,0
taekwondaš,1
right-wing,1
uspravnoj,0
busy,1
shape,1
uklonjenim,0
bikarbonata,0
tweeteru,1
platonski,0
srednjostrujaškim,0
elektrokemijsku,0
bud,1
example,1
workshop,1
prank,1
throat,1
baking,1
night,1
krijumčarenjem,0
glazbala,0
rađenom,0
celebrity,1
sagledati,0
karitativnom,0
waving,1
horizonata,0
produži,0
teretiti,0
bondage,1
crowdinvesting,1
klasičnijoj,0
bias,1
lavicu,0
ispisanim,0
tackle,1
chanson,1
quinoe,1
simuliranju,0
thigh,1
west,1
theory,1
svitu,0
fakin,0
kockavica,0
sablasne,0
tie,1
benjamin,1
pobivši,0
monument,1
junk,1
neokomunizam,0
quadova,1
ahead,1
poluaktivno,0
čipke,0
reply,1
izrekne,0
chemical,1
handy,1
alter,1
egzemplarni,0
muževnih,0
tapeless,1
isplaćivanja,0
happy,1
boljestojećim,0
interview,1
warned,1
pasjem,0
chow,1
kotletima,0
swipe,1
bodybuilding,1
brutalne,0
blocks,1
ugostitelji,0
stop-motion,1
nesrpskom,0
tiskane,0
gambling,1
step,1
feud,1
proxy,1
classy,1
tv-kanalima,0
electro,1
fossil,1
hands-on,1
registriran,0
vratni,0
omladini,0
loading,1
handmade,1
grafičare,0
spiritualnog,0
slow-motionu,1
karantena,0
criminal,1
pothranjena,0
indexhu,0
previous,1
story,1
ball,1
popcorn,1
resource,1
usijanje,0
raznolikošću,0
najsmrdljivije,0
celebrates,1
hard-core,1
pobrinut,0
prelaza,0
chutney,1
teenage,1
kompozitnog,0
insider,1
cake,1
jedući,0
organiziranoj,0
shootout,1
navlačio,0
squash,1
importance,1
crowdfunding,1
include,1
poliglot,0
showing,1
mixer,1
negacija,0
najpodložniji,0
mega-projekta,0
militantnu,0
wakeboarding,1
raste,0
neprijateljem,0
provaljivati,0
business,1
pehovima,0
floss,1
naznačili,0
eliminacijom,0
partijaner,0
survivor,1
tree,1
huliganskog,0
bassu,1
armijom,0
lisnatim,0
inžinjering,0
komarnike,0
dopredsjednicu,0
uklesana,0
jedriličarima,0
fajlovi,0
forced,1
bigger,1
ledenom,0
blowing,1
kolumna,0
mastermind,1
prethodit,0
načelnicu,0
staklenki,0
stylinge,1
praktičarima,0
orijentiranom,0
taxi,1
forumašima,0
utapale,0
iznapadali,0
izmislio,0
ladice,0
posred,0
proglasi,0
marihuana,0
zasnivali,0
pjesmaricom,0
spušteni,0
couple,1
rib,1
jazz,1
najskromnije,0
battery,1
bižuteriji,0
hangout,1
boyfriend,1
preference,1
doplivao,0
suit,1
brief,1
božjih,0
straga,0
karteli,0
cjelonoćnom,0
slobodnjaci,0
prolistate,0
uvjerljive,0
departure,1
wealth,1
riot,1
supporter,1
zahtijevanih,0
parataekwondo,1
considered,1
vještijim,0
generation,1
ectasy,1
fiction,1
minds,1
zavežljaje,0
